date,precip,high temp,flow
,in,f,ft^3/s
2011-06-15,0.42913385826771655,73.94,122.0
2011-06-16,0.0,80.06,116.0
2011-06-17,0.7992125984251968,84.02,112.0
2011-06-18,0.2795275590551181,71.96000000000001,111.0
2011-06-19,0.0,78.98,110.0
2011-06-20,0.0,77.0,108.0
2011-06-21,1.200787401574803,78.98,118.0
2011-06-22,1.2913385826771653,69.98,122.0
2011-06-23,0.011811023622047244,62.96,124.0
2011-06-24,0.0,78.08000000000001,122.0
2011-06-25,0.01968503937007874,68.0,123.0
2011-06-26,0.0,78.98,124.0
2011-06-27,0.0,77.0,124.0
2011-06-28,0.0,78.98,124.0
2011-06-29,0.0,86.0,123.0
2011-06-30,0.0,95.0,120.0
2011-07-01,0.14173228346456693,98.96000000000001,119.0
2011-07-02,0.0,84.92,118.0
2011-07-03,0.0,86.0,115.0
2011-07-04,0.0,89.96000000000001,113.0
2011-07-05,0.011811023622047244,87.98,115.0
2011-07-06,0.0,87.08000000000001,115.0
2011-07-07,0.0,87.08000000000001,115.0
2011-07-08,0.0,91.03999999999999,112.0
2011-07-09,0.0,87.98,110.0
2011-07-10,0.6181102362204725,91.94,109.0
2011-07-11,0.0,87.98,118.0
2011-07-12,0.0,78.08000000000001,111.0
2011-07-13,0.0,77.0,108.0
2011-07-14,0.12992125984251968,73.94,107.0
2011-07-15,1.8385826771653542,77.0,118.0
2011-07-16,1.078740157480315,87.08000000000001,227.0
2011-07-17,0.0,93.02,158.0
2011-07-18,0.0,98.06,135.0
2011-07-19,0.2795275590551181,96.98,157.0
2011-07-20,0.0,96.08,146.0
2011-07-21,0.0,86.0,133.0
2011-07-22,0.0,89.06,129.0
2011-07-23,0.6811023622047244,84.92,135.0
2011-07-24,0.0,82.94,146.0
2011-07-25,0.0,89.06,136.0
2011-07-26,0.0,84.02,134.0
2011-07-27,0.44094488188976383,89.06,138.0
2011-07-28,0.0,89.06,133.0
2011-07-29,0.0,89.06,130.0
2011-07-30,0.011811023622047244,89.96000000000001,129.0
2011-07-31,0.0,93.02,150.0
2011-08-01,0.8188976377952756,82.94,144.0
2011-08-02,0.011811023622047244,87.98,153.0
2011-08-03,0.0,87.08000000000001,158.0
2011-08-04,0.0,84.92,160.0
2011-08-05,0.0,84.92,157.0
2011-08-06,0.0,87.98,156.0
2011-08-07,0.0,82.03999999999999,157.0
2011-08-08,0.0,82.03999999999999,161.0
2011-08-09,0.0,75.92,160.0
2011-08-10,0.0,80.96000000000001,157.0
2011-08-11,0.0,84.02,153.0
2011-08-12,0.011811023622047244,77.0,147.0
2011-08-13,0.610236220472441,80.96000000000001,167.0
2011-08-14,0.0,84.02,150.0
2011-08-15,0.0,84.02,141.0
2011-08-16,1.421259842519685,84.02,168.0
2011-08-17,0.0,80.96000000000001,236.0
2011-08-18,0.0,84.02,191.0
2011-08-19,0.011811023622047244,84.02,176.0
2011-08-20,0.011811023622047244,78.08000000000001,167.0
2011-08-21,0.0,78.98,159.0
2011-08-22,0.0,84.92,151.0
2011-08-23,0.11811023622047244,87.08000000000001,145.0
2011-08-24,0.0,80.96000000000001,138.0
2011-08-25,0.0,82.94,132.0
2011-08-26,0.0,87.08000000000001,129.0
2011-08-27,0.0,78.98,126.0
2011-08-28,0.0,78.08000000000001,123.0
2011-08-29,0.0,80.96000000000001,120.0
2011-08-30,0.01968503937007874,71.06,117.0
2011-08-31,0.0,84.92,115.0
2011-09-01,0.0,93.92,112.0
2011-09-02,0.01968503937007874,82.03999999999999,110.0
2011-09-03,0.0,80.96000000000001,111.0
2011-09-04,0.0,71.06,110.0
2011-09-05,0.0,71.96000000000001,110.0
2011-09-06,0.0,73.94,108.0
2011-09-07,0.0,78.98,106.0
2011-09-08,0.0,86.0,105.0
2011-09-09,0.0,89.96000000000001,103.0
2011-09-10,0.0,89.06,100.0
2011-09-11,0.0,89.06,98.3
2011-09-12,0.0,89.96000000000001,96.0
2011-09-13,0.0,69.98,93.9
2011-09-14,0.0,60.08,92.5
2011-09-15,0.0,57.92,90.5
2011-09-16,0.0,60.08,88.0
2011-09-17,0.0,66.92,85.0
2011-09-18,0.20078740157480315,60.980000000000004,84.0
2011-09-19,0.0,75.02,83.0
2011-09-20,0.03937007874015748,73.03999999999999,81.2
2011-09-21,0.051181102362204724,60.980000000000004,78.3
2011-09-22,0.0,57.019999999999996,78.6
2011-09-23,0.0,60.08,77.0
2011-09-24,0.0,62.06,74.0
2011-09-25,0.0,66.92,73.0
2011-09-26,0.0,69.98,71.6
2011-09-27,0.051181102362204724,66.92,69.8
2011-09-28,0.0,80.96000000000001,65.0
2011-09-29,0.0,66.02,61.4
2011-09-30,0.0,64.03999999999999,60.7
2011-10-01,0.0,64.03999999999999,59.0
2011-10-02,0.0,80.06,52.6
2011-10-03,0.0,82.94,48.6
2011-10-04,0.0,84.92,45.0
2011-10-05,0.0,87.98,42.5
2011-10-06,0.0,82.94,40.0
2011-10-07,0.0,84.92,30.0
2011-10-08,0.0,82.94,18.7
2011-10-09,0.0,82.94,18.0
2011-10-10,0.11811023622047244,75.92,20.8
2011-10-11,0.01968503937007874,75.92,18.0
2011-10-12,0.5393700787401575,69.08000000000001,23.0
2011-10-13,0.0,60.08,29.0
2011-10-14,0.0,57.019999999999996,24.0
2011-10-15,0.0,60.08,24.0
2011-10-16,0.0,59.0,24.2
2011-10-17,0.0,57.92,18.0
2011-10-18,0.0,46.94,17.0
2011-10-19,0.0,48.92,19.0
2011-10-20,0.0,55.040000000000006,21.0
2011-10-21,0.0,60.980000000000004,19.0
2011-10-22,0.0,60.980000000000004,18.0
2011-10-23,0.011811023622047244,57.92,18.0
2011-10-24,0.0,62.06,18.0
2011-10-25,0.0,55.94,19.0
2011-10-26,0.0,51.08,21.0
2011-10-27,0.011811023622047244,53.06,19.0
2011-10-28,0.0,55.94,19.0
2011-10-29,0.0,53.96,19.0
2011-10-30,0.0,50.0,19.0
2011-10-31,0.0,50.0,19.0
2012-06-15,0.0,80.96000000000001,150.0
2012-06-16,0.3110236220472441,82.94,147.0
2012-06-17,1.1496062992125984,78.08000000000001,140.0
2012-06-18,0.09842519685039369,89.96000000000001,165.0
2012-06-19,0.610236220472441,93.02,200.0
2012-06-20,0.16141732283464566,82.94,155.0
2012-06-21,0.0,77.0,145.0
2012-06-22,0.0,80.96000000000001,140.0
2012-06-23,0.0,78.08000000000001,135.0
2012-06-24,0.0,84.02,130.0
2012-06-25,0.0,77.0,124.0
2012-06-26,0.0,82.03999999999999,117.0
2012-06-27,0.0,93.02,109.0
2012-06-28,0.0,87.98,102.0
2012-06-29,0.0,89.96000000000001,95.0
2012-06-30,0.0,91.94,90.7
2012-07-01,0.0,93.92,86.4
2012-07-02,0.0,98.96000000000001,82.0
2012-07-03,0.051181102362204724,96.98,97.8
2012-07-04,0.0,100.94,85.9
2012-07-05,0.0,96.08,80.2
2012-07-06,0.5393700787401575,102.02,76.8
2012-07-07,0.0,86.0,81.9
2012-07-08,0.0,89.96000000000001,74.3
2012-07-09,0.0,87.08000000000001,70.3
2012-07-10,0.0,87.98,66.2
2012-07-11,0.0,87.98,62.0
2012-07-12,0.0,89.06,57.6
2012-07-13,1.0,91.03999999999999,57.3
2012-07-14,0.0,91.03999999999999,58.9
2012-07-15,0.0,89.96000000000001,54.7
2012-07-16,0.0,98.06,49.6
2012-07-17,0.0,93.92,45.9
2012-07-18,0.8307086614173228,82.94,60.8
2012-07-19,0.0,84.02,60.7
2012-07-20,0.0,87.08000000000001,56.2
2012-07-21,0.22047244094488191,89.06,67.0
2012-07-22,0.0,89.06,62.8
2012-07-23,0.051181102362204724,96.08,57.6
2012-07-24,1.6889763779527558,82.03999999999999,58.6
2012-07-25,0.011811023622047244,91.94,57.2
2012-07-26,0.0,84.02,53.0
2012-07-27,0.0,80.06,50.9
2012-07-28,0.0,82.94,48.4
2012-07-29,0.5118110236220472,80.06,50.3
2012-07-30,0.0,89.06,45.6
2012-07-31,0.0,87.98,43.2
2012-08-01,0.0,91.94,40.2
2012-08-02,0.0,89.96000000000001,36.5
2012-08-03,0.38188976377952755,89.06,35.0
2012-08-04,0.01968503937007874,78.08000000000001,44.6
2012-08-05,0.0,75.92,37.4
2012-08-06,0.0,86.0,35.2
2012-08-07,0.0,87.98,31.1
2012-08-08,0.011811023622047244,80.06,29.8
2012-08-09,0.09842519685039369,78.98,29.5
2012-08-10,0.0,78.98,27.8
2012-08-11,0.0,78.98,24.7
2012-08-12,0.0,68.0,22.0
2012-08-13,0.0,82.94,20.7
2012-08-14,0.0,78.08000000000001,19.8
2012-08-15,0.7283464566929134,82.94,18.7
2012-08-16,0.0,71.06,17.1
2012-08-17,0.0,73.94,16.2
2012-08-18,0.01968503937007874,78.08000000000001,15.5
2012-08-19,0.0,77.0,14.1
2012-08-20,0.0,78.98,13.7
2012-08-21,0.0,80.06,12.5
2012-08-22,0.03937007874015748,78.98,11.2
2012-08-23,0.011811023622047244,86.0,11.1
2012-08-24,0.0,89.06,10.3
2012-08-25,0.05905511811023622,75.92,9.31
2012-08-26,0.011811023622047244,86.0,8.82
2012-08-27,0.0,87.08000000000001,8.27
2012-08-28,0.0,84.02,7.78
2012-08-29,0.0,93.02,7.53
2012-08-30,0.0,91.94,6.48
2012-08-31,0.0,86.0,5.51
2012-09-01,0.0,86.0,5.62
2012-09-02,0.0,87.98,5.73
2012-09-03,0.0,91.94,5.02
2012-09-04,0.0,91.94,5.09
2012-09-05,0.01968503937007874,84.02,4.65
2012-09-06,0.0,80.96000000000001,4.43
2012-09-07,0.0,71.96000000000001,4.8
2012-09-08,0.0,78.98,4.8
2012-09-09,0.0,75.02,4.26
2012-09-10,0.0,82.94,4.64
2012-09-11,0.0,95.0,3.69
2012-09-12,0.09055118110236221,78.08000000000001,3.41
2012-09-13,0.0,75.02,3.89
2012-09-14,0.0,75.92,3.79
2012-09-15,0.0,84.92,4.11
2012-09-16,0.0,80.06,3.61
2012-09-17,0.1889763779527559,64.03999999999999,4.71
2012-09-18,0.0,60.980000000000004,4.25
2012-09-19,0.0,75.92,4.77
2012-09-20,0.0,66.02,2.81
2012-09-21,0.0,62.96,3.32
2012-09-22,0.0,60.08,3.37
2012-09-23,0.0,60.980000000000004,3.46
2012-09-24,0.0,77.0,3.5
2012-09-25,0.0,68.0,3.04
2012-09-26,0.0,64.94,3.15
2012-09-27,0.0,69.08000000000001,3.47
2012-09-28,0.0,75.92,3.34
2012-09-29,0.0,82.03999999999999,3.21
2012-09-30,0.0,77.0,3.34
2012-10-01,0.0,71.96000000000001,3.18
2012-10-02,0.0,71.96000000000001,3.34
2012-10-03,0.0,78.08000000000001,3.56
2012-10-04,0.0,64.03999999999999,3.35
2012-10-05,0.0,48.019999999999996,3.3
2012-10-06,0.0,44.96,2.86
2012-10-07,0.0,53.06,3.0
2012-10-08,0.0,64.03999999999999,2.96
2012-10-09,0.031496062992125984,50.0,3.02
2012-10-10,0.0,55.040000000000006,2.94
2012-10-11,0.0,55.040000000000006,2.75
2012-10-12,0.0,53.06,2.67
2012-10-13,0.03937007874015748,53.06,3.09
2012-10-14,0.0,59.0,3.47
2012-10-15,0.0,60.980000000000004,3.29
2012-10-16,0.0,64.94,3.07
2012-10-17,0.0,62.06,2.93
2012-10-18,0.011811023622047244,50.0,3.11
2012-10-19,0.20866141732283466,51.980000000000004,3.49
2012-10-20,0.0,53.96,3.83
2012-10-21,0.0,71.06,3.91
2012-10-22,0.0,64.03999999999999,3.15
2012-10-23,0.07874015748031496,64.94,4.38
2012-10-24,0.18110236220472442,60.08,4.6
2012-10-25,0.7519685039370079,46.94,17.6
2012-10-26,0.0,39.019999999999996,9.66
2012-10-27,0.0,42.980000000000004,5.92
2012-10-28,0.0,46.04,4.79
2012-10-29,0.0,44.96,4.56
2012-10-30,0.0,50.0,4.66
2012-10-31,0.0,51.980000000000004,4.88
2013-06-15,0.01968503937007874,75.92,167.0
2013-06-16,0.011811023622047244,86.0,161.0
2013-06-17,0.0,82.03999999999999,151.0
2013-06-18,0.0,75.02,146.0
2013-06-19,0.0,84.92,142.0
2013-06-20,0.0,91.03999999999999,137.0
2013-06-21,2.5,82.03999999999999,190.0
2013-06-22,0.5393700787401575,82.03999999999999,223.0
2013-06-23,0.25984251968503935,84.02,207.0
2013-06-24,0.0,82.03999999999999,204.0
2013-06-25,0.0,84.02,206.0
2013-06-26,0.0,89.06,214.0
2013-06-27,0.0,87.08000000000001,220.0
2013-06-28,0.09055118110236221,78.98,218.0
2013-06-29,0.38188976377952755,77.0,232.0
2013-06-30,0.0,82.03999999999999,233.0
2013-07-01,0.0,84.92,230.0
2013-07-02,0.0,82.94,232.0
2013-07-03,0.0,84.02,229.0
2013-07-04,0.0,89.96000000000001,224.0
2013-07-05,0.0,89.06,220.0
2013-07-06,0.0,91.94,212.0
2013-07-07,0.031496062992125984,91.03999999999999,206.0
2013-07-08,0.0,89.06,201.0
2013-07-09,0.33858267716535434,87.08000000000001,202.0
2013-07-10,0.0,82.94,192.0
2013-07-11,0.0,86.0,185.0
2013-07-12,0.0,89.96000000000001,181.0
2013-07-13,2.7913385826771653,80.06,205.0
2013-07-14,0.0,86.0,196.0
2013-07-15,0.0,89.06,186.0
2013-07-16,0.0,91.94,178.0
2013-07-17,0.0,93.92,169.0
2013-07-18,0.0,93.92,162.0
2013-07-19,0.0,86.0,153.0
2013-07-20,0.0,82.03999999999999,146.0
2013-07-21,0.29133858267716534,80.96000000000001,140.0
2013-07-22,0.0,87.98,134.0
2013-07-23,0.0,77.0,127.0
2013-07-24,0.0,78.08000000000001,120.0
2013-07-25,0.031496062992125984,82.94,113.0
2013-07-26,0.011811023622047244,71.96000000000001,108.0
2013-07-27,0.01968503937007874,64.03999999999999,105.0
2013-07-28,0.0,75.02,101.0
2013-07-29,0.0,78.98,95.3
2013-07-30,0.0,71.96000000000001,92.9
2013-07-31,0.0,82.94,87.4
2013-08-01,0.0,82.94,83.0
2013-08-02,0.0,78.98,78.0
2013-08-03,0.0,80.06,75.3
2013-08-04,0.0,75.92,71.0
2013-08-05,0.6496062992125984,80.96000000000001,73.7
2013-08-06,1.3307086614173227,86.0,68.7
2013-08-07,0.0,77.0,65.0
2013-08-08,0.0,75.02,61.9
2013-08-09,0.0,75.92,58.1
2013-08-10,0.0,77.0,54.7
2013-08-11,0.0,80.06,51.7
2013-08-12,0.0,80.06,48.5
2013-08-13,0.0,75.92,45.1
2013-08-14,0.0,78.08000000000001,41.5
2013-08-15,0.0,78.98,37.4
2013-08-16,0.0,80.06,33.6
2013-08-17,0.0,82.03999999999999,29.0
2013-08-18,0.0,82.94,24.3
2013-08-19,0.0,87.98,21.7
2013-08-20,0.0,89.96000000000001,20.0
2013-08-21,0.0,87.98,18.8
2013-08-22,0.0,87.08000000000001,18.3
2013-08-23,0.0,87.98,17.0
2013-08-24,0.0,89.96000000000001,14.9
2013-08-25,0.0,96.08,12.7
2013-08-26,0.0,96.98,13.0
2013-08-27,0.0,96.08,12.1
2013-08-28,0.0,91.94,13.0
2013-08-29,0.031496062992125984,95.0,12.0
2013-08-30,0.0,84.92,12.0
2013-08-31,0.05905511811023622,89.06,11.0
2013-09-01,0.0,75.02,10.0
2013-09-02,0.0,68.0,10.0
2013-09-03,0.0,78.08000000000001,9.3
2013-09-04,0.0,87.98,8.5
2013-09-05,0.0,82.03999999999999,7.02
2013-09-06,0.0,91.94,6.19
2013-09-07,0.0,93.92,5.17
2013-09-08,0.0,77.0,5.13
2013-09-09,0.0,93.92,5.8
2013-09-10,0.01968503937007874,80.96000000000001,4.8
2013-09-11,0.0,86.0,4.3
2013-09-12,0.0,75.92,3.8
2013-09-13,0.0,69.98,3.7
2013-09-14,0.46850393700787396,73.03999999999999,4.2
2013-09-15,0.3307086614173228,66.92,6.2
2013-09-16,0.0,66.92,4.8
2013-09-17,0.031496062992125984,66.92,4.3
2013-09-18,0.14173228346456693,75.02,4.2
2013-09-19,0.18110236220472442,78.08000000000001,6.8
2013-09-20,0.03937007874015748,66.02,5.4
2013-09-21,0.0,64.03999999999999,4.7
2013-09-22,0.0,73.94,4.3
2013-09-23,0.0,73.94,2.93
2013-09-24,0.0,75.92,3.7
2013-09-25,0.0,73.94,3.7
2013-09-26,0.0,82.03999999999999,3.3
2013-09-27,0.0,86.0,2.28
2013-09-28,0.14173228346456693,71.96000000000001,3.0
2013-09-29,0.0,77.0,3.3
2013-09-30,0.0,80.06,3.1
2013-10-01,0.0,77.0,2.9
2013-10-02,0.9015748031496063,77.0,3.6
2013-10-03,0.031496062992125984,60.980000000000004,13.0
2013-10-04,0.29133858267716534,59.0,10.0
2013-10-05,0.011811023622047244,60.980000000000004,9.2
2013-10-06,0.051181102362204724,55.040000000000006,6.8
2013-10-07,0.0,66.92,5.7
2013-10-08,0.0,77.0,4.8
2013-10-09,0.0,75.92,3.7
2013-10-10,0.0,78.08000000000001,3.8
2013-10-11,0.03937007874015748,75.02,3.6
2013-10-12,0.0,57.92,3.9
2013-10-13,0.0,60.980000000000004,3.5
2013-10-14,0.5590551181102362,55.040000000000006,3.9
2013-10-15,0.6181102362204725,55.040000000000006,15.0
2013-10-16,0.011811023622047244,55.040000000000006,13.0
2013-10-17,0.16929133858267717,59.0,11.0
2013-10-18,0.01968503937007874,53.06,14.0
2013-10-19,0.05905511811023622,48.92,11.0
2013-10-20,0.07874015748031496,46.94,10.0
2013-10-21,0.0,39.92,6.1
2013-10-22,0.0,39.92,4.27
2013-10-23,0.0,39.019999999999996,4.2
2013-10-24,0.0,44.06,3.69
2013-10-25,0.0,57.92,3.47
2013-10-26,0.0,50.0,3.12
2013-10-27,0.0,57.92,2.98
2013-10-28,0.0,44.06,2.76
2013-10-29,0.031496062992125984,42.08,2.9
2013-10-30,0.12992125984251968,50.0,3.0
2013-10-31,0.0,50.0,2.96
2014-06-15,0.6417322834645669,75.92,302.0
2014-06-16,0.38188976377952755,84.92,293.0
2014-06-17,0.011811023622047244,82.03999999999999,296.0
2014-06-18,0.5118110236220472,80.96000000000001,308.0
2014-06-19,4.1299212598425195,73.94,395.0
2014-06-20,0.0,84.92,384.0
2014-06-21,0.0,84.92,377.0
2014-06-22,0.09055118110236221,77.0,381.0
2014-06-23,0.0,82.94,386.0
2014-06-24,0.0,84.02,386.0
2014-06-25,0.0,71.96000000000001,383.0
2014-06-26,0.0,80.96000000000001,377.0
2014-06-27,0.0,80.96000000000001,369.0
2014-06-28,0.5,82.94,371.0
2014-06-29,0.011811023622047244,84.92,395.0
2014-06-30,0.0,80.96000000000001,393.0
2014-07-01,0.14960629921259844,75.02,391.0
2014-07-02,0.011811023622047244,73.94,387.0
2014-07-03,0.0,78.08000000000001,379.0
2014-07-04,0.0,78.08000000000001,369.0
2014-07-05,0.0,84.02,357.0
2014-07-06,0.12992125984251968,89.96000000000001,348.0
2014-07-07,0.37007874015748027,87.08000000000001,340.0
2014-07-08,0.0,77.0,336.0
2014-07-09,0.0,78.98,324.0
2014-07-10,0.0,84.92,314.0
2014-07-11,1.031496062992126,80.96000000000001,314.0
2014-07-12,0.05905511811023622,80.06,307.0
2014-07-13,0.0,78.08000000000001,296.0
2014-07-14,0.07086614173228346,64.94,285.0
2014-07-15,0.0,71.96000000000001,275.0
2014-07-16,0.0,77.0,266.0
2014-07-17,0.0,78.98,257.0
2014-07-18,0.0,78.98,247.0
2014-07-19,0.0,78.98,238.0
2014-07-20,0.0,87.08000000000001,230.0
2014-07-21,0.0,91.94,223.0
2014-07-22,0.0,86.0,216.0
2014-07-23,0.0,84.02,207.0
2014-07-24,0.0,82.03999999999999,198.0
2014-07-25,0.42125984251968507,80.96000000000001,192.0
2014-07-26,0.0,86.0,183.0
2014-07-27,0.031496062992125984,78.08000000000001,175.0
2014-07-28,0.0,77.0,169.0
2014-07-29,0.0,80.96000000000001,161.0
2014-07-30,0.0,82.94,153.0
2014-07-31,0.0,84.02,144.0
2014-08-01,0.0,87.08000000000001,138.0
2014-08-02,0.0,87.08000000000001,131.0
2014-08-03,0.6692913385826771,87.98,129.0
2014-08-04,0.0,80.96000000000001,124.0
2014-08-05,0.0,80.96000000000001,120.0
2014-08-06,0.0,82.03999999999999,116.0
2014-08-07,0.0,82.94,110.0
2014-08-08,0.0,82.94,102.0
2014-08-09,0.0,78.98,96.3
2014-08-10,0.14960629921259844,84.02,91.8
2014-08-11,0.03937007874015748,78.08000000000001,95.1
2014-08-12,0.0,80.06,89.3
2014-08-13,0.0,82.94,84.9
2014-08-14,0.0,80.06,80.4
2014-08-15,0.0,84.92,76.0
2014-08-16,0.07874015748031496,86.0,71.9
2014-08-17,0.2716535433070866,80.96000000000001,69.4
2014-08-18,0.011811023622047244,87.08000000000001,67.5
2014-08-19,0.0,80.96000000000001,65.7
2014-08-20,0.0,82.94,62.2
2014-08-21,0.07086614173228346,84.92,78.2
2014-08-22,0.0,78.98,73.4
2014-08-23,0.0,77.0,68.4
2014-08-24,0.14173228346456693,89.06,64.2
2014-08-25,0.0,78.98,60.6
2014-08-26,0.0,75.92,58.3
2014-08-27,0.0,78.08000000000001,57.0
2014-08-28,0.01968503937007874,71.96000000000001,54.2
2014-08-29,0.6811023622047244,80.06,67.8
2014-08-30,0.2992125984251969,77.0,77.9
2014-08-31,0.46850393700787396,84.92,71.2
2014-09-01,0.16929133858267717,78.08000000000001,77.8
2014-09-02,0.0,78.08000000000001,75.3
2014-09-03,0.12992125984251968,80.06,76.6
2014-09-04,0.0,86.0,80.3
2014-09-05,0.0,66.02,78.1
2014-09-06,0.0,77.0,77.7
2014-09-07,0.0,75.92,76.3
2014-09-08,0.0,75.02,73.6
2014-09-09,0.18110236220472442,75.02,74.0
2014-09-10,0.031496062992125984,68.0,98.0
2014-09-11,0.0,57.019999999999996,90.9
2014-09-12,0.0,55.94,85.9
2014-09-13,0.0,60.08,81.9
2014-09-14,0.0,64.94,78.3
2014-09-15,0.05905511811023622,62.06,77.0
2014-09-16,0.0,68.0,74.9
2014-09-17,0.0,77.0,72.8
2014-09-18,0.0,75.02,71.5
2014-09-19,0.0,80.96000000000001,68.2
2014-09-20,0.24015748031496062,77.0,68.0
2014-09-21,0.0,66.92,68.2
2014-09-22,0.0,71.96000000000001,65.8
2014-09-23,0.0,73.94,63.2
2014-09-24,0.03937007874015748,64.94,59.8
2014-09-25,0.0,77.0,58.0
2014-09-26,0.0,82.03999999999999,56.4
2014-09-27,0.0,82.94,53.7
2014-09-28,0.0,82.03999999999999,51.5
2014-09-29,0.07086614173228346,66.92,52.6
2014-09-30,0.0,59.0,50.5
2014-10-01,0.6889763779527559,59.0,51.0
2014-10-02,0.7795275590551181,60.08,55.0
2014-10-03,0.09055118110236221,50.0,56.1
2014-10-04,0.031496062992125984,51.08,52.5
2014-10-05,0.0,48.92,48.6
2014-10-06,0.0,62.96,43.8
2014-10-07,0.0,60.08,40.5
2014-10-08,0.0,59.0,35.6
2014-10-09,0.0,53.96,31.3
2014-10-10,0.0,53.06,26.6
2014-10-11,0.0,57.019999999999996,21.6
2014-10-12,0.0,60.980000000000004,17.5
2014-10-13,0.01968503937007874,57.019999999999996,15.5
2014-10-14,0.0,64.94,16.5
2014-10-15,0.0,66.02,20.2
2014-10-16,0.0,71.96000000000001,32.2
2014-10-17,0.0,57.92,37.3
2014-10-18,0.0,53.96,41.3
2014-10-19,0.0,69.08000000000001,38.8
2014-10-20,0.0,64.03999999999999,38.4
2014-10-21,0.0,57.92,38.1
2014-10-22,0.0,60.08,34.6
2014-10-23,0.14173228346456693,68.0,32.3
2014-10-24,0.0,66.92,31.3
2014-10-25,0.0,62.96,28.2
2014-10-26,0.0,64.03999999999999,25.6
2014-10-27,0.0,66.92,24.3
2014-10-28,0.0,48.92,19.9
2014-10-29,0.0,42.980000000000004,17.9
2014-10-30,0.0,48.92,18.7
2014-10-31,0.0,39.92,19.6
2015-06-15,0.0,78.08000000000001,118.0
2015-06-16,0.0,71.96000000000001,112.0
2015-06-17,0.8700787401574803,78.98,109.0
2015-06-18,0.0,78.98,105.0
2015-06-19,0.0,78.98,99.6
2015-06-20,0.42913385826771655,82.03999999999999,99.1
2015-06-21,0.0,86.0,93.7
2015-06-22,0.9488188976377954,82.03999999999999,92.8
2015-06-23,0.0,78.98,88.0
2015-06-24,0.0,78.08000000000001,83.9
2015-06-25,0.0,82.03999999999999,80.9
2015-06-26,0.05905511811023622,80.96000000000001,76.8
2015-06-27,0.01968503937007874,82.94,73.4
2015-06-28,0.09055118110236221,82.03999999999999,81.5
2015-06-29,0.11023622047244096,82.94,82.4
2015-06-30,0.0,77.0,83.7
2015-07-01,0.0,73.03999999999999,75.9
2015-07-02,0.0,77.0,70.7
2015-07-03,0.0,80.06,65.4
2015-07-04,0.0,84.92,61.5
2015-07-05,0.03937007874015748,87.98,57.1
2015-07-06,2.830708661417323,75.92,117.0
2015-07-07,0.0,71.96000000000001,98.3
2015-07-08,0.0,73.03999999999999,90.6
2015-07-09,0.0,80.96000000000001,87.4
2015-07-10,0.0,84.92,87.8
2015-07-11,0.0,82.03999999999999,93.9
2015-07-12,1.889763779527559,89.06,100.0
2015-07-13,0.0,87.08000000000001,186.0
2015-07-14,0.0,84.02,157.0
2015-07-15,0.011811023622047244,80.96000000000001,152.0
2015-07-16,0.16141732283464566,71.96000000000001,151.0
2015-07-17,0.6181102362204725,89.96000000000001,156.0
2015-07-18,0.25196850393700787,87.98,274.0
2015-07-19,0.0,84.02,237.0
2015-07-20,0.0,80.96000000000001,245.0
2015-07-21,0.0,80.96000000000001,251.0
2015-07-22,0.0,82.03999999999999,254.0
2015-07-23,0.0,84.02,254.0
2015-07-24,0.22834645669291337,87.98,252.0
2015-07-25,0.0,86.0,248.0
2015-07-26,0.0,87.08000000000001,242.0
2015-07-27,0.0,86.0,234.0
2015-07-28,1.2913385826771653,84.02,250.0
2015-07-29,0.0,82.03999999999999,234.0
2015-07-30,0.0,84.92,219.0
2015-07-31,0.0,82.03999999999999,208.0
2015-08-01,0.0,86.0,197.0
2015-08-02,0.0,84.02,186.0
2015-08-03,0.0,80.06,177.0
2015-08-04,0.0,82.03999999999999,167.0
2015-08-05,0.0,82.03999999999999,157.0
2015-08-06,0.24015748031496062,73.94,154.0
2015-08-07,0.42913385826771655,84.02,158.0
2015-08-08,0.011811023622047244,80.06,147.0
2015-08-09,0.05905511811023622,82.03999999999999,143.0
2015-08-10,0.0,82.03999999999999,139.0
2015-08-11,0.0,82.03999999999999,132.0
2015-08-12,0.0,84.92,125.0
2015-08-13,0.051181102362204724,84.92,121.0
2015-08-14,0.0,93.92,116.0
2015-08-15,0.0,91.03999999999999,110.0
2015-08-16,0.5118110236220472,82.03999999999999,105.0
2015-08-17,0.07874015748031496,73.94,102.0
2015-08-18,0.921259842519685,66.92,107.0
2015-08-19,0.09842519685039369,64.94,111.0
2015-08-20,0.0,73.94,107.0
2015-08-21,0.0,80.96000000000001,103.0
2015-08-22,0.5905511811023622,82.03999999999999,103.0
2015-08-23,0.0,69.98,109.0
2015-08-24,0.0,66.92,107.0
2015-08-25,0.0,73.94,106.0
2015-08-26,0.0,75.02,104.0
2015-08-27,0.0,75.92,101.0
2015-08-28,0.0,75.92,97.9
2015-08-29,0.0,73.94,94.9
2015-08-30,0.0,80.96000000000001,91.4
2015-08-31,0.0,86.0,87.8
2015-09-01,0.0,86.0,85.3
2015-09-02,0.22834645669291337,78.08000000000001,90.0
2015-09-03,0.0,84.02,87.9
2015-09-04,0.0,89.06,85.7
2015-09-05,0.011811023622047244,89.06,82.3
2015-09-06,0.7283464566929134,82.94,86.5
2015-09-07,0.0,82.03999999999999,85.1
2015-09-08,0.12992125984251968,78.08000000000001,84.1
2015-09-09,0.2795275590551181,71.06,82.2
2015-09-10,0.01968503937007874,71.06,81.2
2015-09-11,0.0,64.03999999999999,78.3
2015-09-12,0.0,69.08000000000001,75.2
2015-09-13,0.0,75.02,72.2
2015-09-14,0.011811023622047244,82.94,68.7
2015-09-15,0.0,87.08000000000001,66.2
2015-09-16,0.07874015748031496,84.02,61.3
2015-09-17,2.37007874015748,78.08000000000001,87.9
2015-09-18,0.37007874015748027,60.980000000000004,92.4
2015-09-19,0.0,69.08000000000001,93.6
2015-09-20,0.11023622047244096,71.96000000000001,93.1
2015-09-21,0.0,80.96000000000001,94.8
2015-09-22,0.0,73.94,97.1
2015-09-23,0.05905511811023622,75.92,99.7
2015-09-24,0.25196850393700787,66.92,105.0
2015-09-25,0.0,78.08000000000001,104.0
2015-09-26,0.0,78.08000000000001,102.0
2015-09-27,0.0,82.03999999999999,100.0
2015-09-28,0.0,77.0,98.7
2015-09-29,0.0,62.96,97.0
2015-09-30,0.0,62.96,92.9
2015-10-01,0.0,62.96,89.5
2015-10-02,0.0,62.06,85.9
2015-10-03,0.0,60.08,82.7
2015-10-04,0.0,57.92,78.2
2015-10-05,0.0,62.06,73.7
2015-10-06,0.0,69.08000000000001,70.8
2015-10-07,0.0,62.96,67.6
2015-10-08,0.3307086614173228,66.02,71.4
2015-10-09,0.0,55.94,67.1
2015-10-10,0.0,73.94,63.1
2015-10-11,0.0,84.92,60.5
2015-10-12,0.0,66.02,58.0
2015-10-13,0.0,60.08,57.1
2015-10-14,0.0,68.0,56.5
2015-10-15,0.0,60.980000000000004,55.4
2015-10-16,0.0,48.019999999999996,53.4
2015-10-17,0.0,55.94,51.1
2015-10-18,0.0,62.96,47.9
2015-10-19,0.0,75.92,44.3
2015-10-20,0.0,69.08000000000001,44.5
2015-10-21,0.0,62.96,42.7
2015-10-22,0.0,62.96,40.1
2015-10-23,0.9409448818897638,53.96,43.4
2015-10-24,0.24015748031496062,57.019999999999996,49.2
2015-10-25,0.011811023622047244,55.94,46.4
2015-10-26,0.011811023622047244,59.0,46.5
2015-10-27,0.35039370078740156,55.040000000000006,47.8
2015-10-28,0.38188976377952755,46.94,60.0
2015-10-29,0.011811023622047244,48.92,64.2
2015-10-30,0.011811023622047244,53.06,63.7
2015-10-31,0.3307086614173228,51.08,69.0
2016-06-15,0.0,77.0,141.0
2016-06-16,0.0,80.06,124.0
2016-06-17,0.0,86.0,121.0
2016-06-18,0.0,89.06,120.0
2016-06-19,0.20078740157480315,93.02,118.0
2016-06-20,0.0,80.06,116.0
2016-06-21,0.0,82.94,115.0
2016-06-22,0.46850393700787396,82.94,112.0
2016-06-23,0.0,77.0,109.0
2016-06-24,0.0,82.03999999999999,105.0
2016-06-25,0.0,96.08,99.0
2016-06-26,0.0,87.98,93.7
2016-06-27,0.0,75.92,91.2
2016-06-28,0.0,77.0,85.3
2016-06-29,0.0,80.96000000000001,83.7
2016-06-30,0.09842519685039369,78.98,79.6
2016-07-01,0.0,75.02,76.5
2016-07-02,0.0,78.98,74.1
2016-07-03,0.0,80.06,74.1
2016-07-04,0.0,80.06,72.1
2016-07-05,1.2086614173228345,89.96000000000001,75.8
2016-07-06,0.0,87.98,76.2
2016-07-07,0.07086614173228346,84.92,71.0
2016-07-08,0.0,80.06,63.6
2016-07-09,0.0,82.03999999999999,61.6
2016-07-10,0.4015748031496063,82.03999999999999,59.1
2016-07-11,0.0,89.96000000000001,55.9
2016-07-12,0.07874015748031496,86.0,52.0
2016-07-13,0.0,84.92,46.1
2016-07-14,0.11811023622047244,71.06,43.1
2016-07-15,0.051181102362204724,78.98,43.7
2016-07-16,0.20078740157480315,80.96000000000001,39.6
2016-07-17,0.09842519685039369,84.02,34.2
2016-07-18,0.0,87.98,31.1
2016-07-19,0.0,87.08000000000001,26.5
2016-07-20,0.051181102362204724,93.02,21.7
2016-07-21,0.16141732283464566,95.0,21.1
2016-07-22,0.0,96.98,19.7
2016-07-23,2.169291338582677,82.03999999999999,52.6
2016-07-24,0.0,84.92,59.6
2016-07-25,0.0,87.08000000000001,48.8
2016-07-26,0.0,91.03999999999999,39.4
2016-07-27,0.48031496062992124,80.06,43.7
2016-07-28,0.0,77.0,42.8
2016-07-29,0.0,78.98,35.9
2016-07-30,0.0,80.96000000000001,30.9
2016-07-31,0.0,84.02,27.6
2016-08-01,0.0,84.92,24.6
2016-08-02,0.0,87.98,22.4
2016-08-03,0.0,91.03999999999999,20.2
2016-08-04,1.1299212598425197,84.92,70.2
2016-08-05,0.0,78.98,62.1
2016-08-06,0.0,82.03999999999999,53.2
2016-08-07,0.0,82.03999999999999,47.3
2016-08-08,0.0,82.94,42.9
2016-08-09,0.0,87.08000000000001,38.4
2016-08-10,1.531496062992126,91.03999999999999,48.9
2016-08-11,1.110236220472441,84.02,123.0
2016-08-12,0.3307086614173228,82.03999999999999,91.8
2016-08-13,0.0,80.96000000000001,88.7
2016-08-14,0.0,82.94,87.7
2016-08-15,0.0,82.03999999999999,88.8
2016-08-16,0.20078740157480315,86.0,106.0
2016-08-17,0.0,86.0,119.0
2016-08-18,0.0,84.92,106.0
2016-08-19,0.44094488188976383,78.98,137.0
2016-08-20,0.38188976377952755,68.0,158.0
2016-08-21,0.0,73.94,146.0
2016-08-22,0.0,82.94,136.0
2016-08-23,1.0118110236220472,84.02,129.0
2016-08-24,0.07086614173228346,82.03999999999999,132.0
2016-08-25,0.0,73.94,124.0
2016-08-26,0.0,71.96000000000001,118.0
2016-08-27,0.011811023622047244,69.08000000000001,116.0
2016-08-28,0.0,84.92,113.0
2016-08-29,1.2716535433070866,86.0,109.0
2016-08-30,0.33858267716535434,80.96000000000001,110.0
2016-08-31,0.0,80.06,106.0
2016-09-01,0.0,77.0,103.0
2016-09-02,0.0,75.92,101.0
2016-09-03,0.0,75.92,98.4
2016-09-04,0.01968503937007874,78.98,95.6
2016-09-05,0.5118110236220472,80.96000000000001,107.0
2016-09-06,0.8818897637795277,80.96000000000001,147.0
2016-09-07,0.01968503937007874,77.0,136.0
2016-09-08,0.0,78.08000000000001,130.0
2016-09-09,0.22834645669291337,73.94,130.0
2016-09-10,0.0,71.96000000000001,127.0
2016-09-11,0.0,80.06,124.0
2016-09-12,0.0,80.96000000000001,120.0
2016-09-13,0.0,66.02,117.0
2016-09-14,0.0,69.98,114.0
2016-09-15,0.8503937007874016,75.92,115.0
2016-09-16,0.05905511811023622,75.92,120.0
2016-09-17,0.0,71.96000000000001,113.0
2016-09-18,0.0,84.02,108.0
2016-09-19,0.011811023622047244,78.98,104.0
2016-09-20,0.031496062992125984,78.98,101.0
2016-09-21,1.8818897637795275,73.03999999999999,147.0
2016-09-22,0.07874015748031496,73.03999999999999,315.0
2016-09-23,0.6299212598425197,71.06,252.0
2016-09-24,0.0,73.03999999999999,248.0
2016-09-25,0.22834645669291337,69.08000000000001,253.0
2016-09-26,0.0,66.02,255.0
2016-09-27,0.03937007874015748,60.08,257.0
2016-09-28,0.0,62.06,258.0
2016-09-29,0.0,68.0,257.0
2016-09-30,0.0,71.06,255.0
2016-10-01,0.0,73.94,252.0
2016-10-02,0.0,75.92,247.0
2016-10-03,0.0,75.92,243.0
2016-10-04,0.12992125984251968,75.92,239.0
2016-10-05,0.5984251968503937,64.94,247.0
2016-10-06,1.0118110236220472,62.06,241.0
2016-10-07,0.03937007874015748,48.92,271.0
2016-10-08,0.0,51.980000000000004,251.0
2016-10-09,0.0,60.08,246.0
2016-10-10,0.0,73.94,243.0
2016-10-11,0.0,71.96000000000001,240.0
2016-10-12,0.011811023622047244,50.0,238.0
2016-10-13,0.0,53.96,234.0
2016-10-14,0.0,62.96,231.0
2016-10-15,0.0,69.08000000000001,226.0
2016-10-16,0.011811023622047244,69.08000000000001,223.0
2016-10-17,0.6496062992125984,71.96000000000001,223.0
2016-10-18,0.011811023622047244,66.02,222.0
2016-10-19,0.0,55.94,217.0
2016-10-20,0.0,51.980000000000004,210.0
2016-10-21,0.0,53.96,204.0
2016-10-22,0.0,64.03999999999999,199.0
2016-10-23,0.0,55.94,195.0
2016-10-24,0.0,55.94,191.0
2016-10-25,0.5590551181102362,51.980000000000004,188.0
2016-10-26,0.3307086614173228,46.04,198.0
2016-10-27,0.0,48.92,191.0
2016-10-28,0.0,71.96000000000001,186.0
2016-10-29,0.05905511811023622,55.94,180.0
2016-10-30,0.0,46.04,177.0
2016-10-31,0.0,57.92,171.0
2017-06-15,0.0,87.98,171.0
2017-06-16,0.0,86.0,164.0
2017-06-17,0.20078740157480315,84.92,159.0
2017-06-18,0.011811023622047244,73.03999999999999,155.0
2017-06-19,0.0,73.94,149.0
2017-06-20,0.25196850393700787,75.92,144.0
2017-06-21,0.0,80.96000000000001,136.0
2017-06-22,0.4881889763779527,71.96000000000001,133.0
2017-06-23,0.0,73.94,129.0
2017-06-24,0.0,66.02,124.0
2017-06-25,0.0,69.08000000000001,120.0
2017-06-26,0.0,73.03999999999999,116.0
2017-06-27,0.0,77.0,110.0
2017-06-28,0.9094488188976378,82.94,118.0
2017-06-29,0.0,77.0,112.0
2017-06-30,0.11023622047244096,80.06,110.0
2017-07-01,0.011811023622047244,77.0,107.0
2017-07-02,0.0,80.06,104.0
2017-07-03,0.0,80.96000000000001,99.8
2017-07-04,0.0,86.0,95.7
2017-07-05,0.0,91.94,95.0
2017-07-06,0.0,93.92,89.0
2017-07-07,0.0,84.02,85.3
2017-07-08,0.0,84.92,81.5
2017-07-09,0.37007874015748027,84.92,77.6
2017-07-10,0.0,86.0,74.5
2017-07-11,0.0,87.08000000000001,70.3
2017-07-12,0.031496062992125984,87.98,76.3
2017-07-13,0.0,71.06,69.0
2017-07-14,0.0,78.98,65.6
2017-07-15,0.0,96.08,61.7
2017-07-16,0.0,87.08000000000001,59.4
2017-07-17,0.6299212598425197,91.94,57.0
2017-07-18,0.07874015748031496,82.03999999999999,62.7
2017-07-19,1.1692913385826773,82.94,58.1
2017-07-20,0.0,89.06,56.3
2017-07-21,0.0,82.94,53.8
2017-07-22,0.0,91.03999999999999,52.0
2017-07-23,0.0,78.98,50.1
2017-07-24,0.0,78.98,48.0
2017-07-25,0.38976377952755903,84.92,44.7
2017-07-26,0.44094488188976383,84.02,43.8
2017-07-27,0.0,84.92,42.4
2017-07-28,0.0,84.02,39.8
2017-07-29,0.0,84.02,36.8
2017-07-30,0.0,86.0,34.2
2017-07-31,0.0,84.92,32.3
2017-08-01,0.0,89.06,30.1
2017-08-02,0.0,84.02,28.4
2017-08-03,0.29133858267716534,66.92,38.7
2017-08-04,0.0,78.08000000000001,34.3
2017-08-05,0.29133858267716534,78.98,29.7
2017-08-06,0.09055118110236221,75.92,26.7
2017-08-07,0.0,82.03999999999999,25.1
2017-08-08,0.0,84.02,22.1
2017-08-09,0.5708661417322834,71.06,28.5
2017-08-10,0.09842519685039369,73.94,34.6
2017-08-11,0.0,80.06,32.2
2017-08-12,0.0,80.06,29.0
2017-08-13,1.0,71.96000000000001,27.8
2017-08-14,0.011811023622047244,75.92,46.2
2017-08-15,0.0,78.08000000000001,36.9
2017-08-16,1.9409448818897637,78.08000000000001,44.3
2017-08-17,0.07874015748031496,73.94,76.0
2017-08-18,0.16141732283464566,75.02,55.4
2017-08-19,0.0,80.06,50.2
2017-08-20,0.0,86.0,45.7
2017-08-21,0.1889763779527559,80.06,44.2
2017-08-22,0.0,75.92,43.3
2017-08-23,0.0,77.0,43.2
2017-08-24,0.011811023622047244,73.03999999999999,42.2
2017-08-25,0.5511811023622046,71.06,42.4
2017-08-26,1.220472440944882,66.92,75.0
2017-08-27,0.24015748031496062,73.03999999999999,65.4
2017-08-28,0.0,73.94,60.8
2017-08-29,0.0,80.06,58.6
2017-08-30,0.011811023622047244,82.94,56.9
2017-08-31,0.0,71.06,56.6
2017-09-01,0.0,71.96000000000001,55.3
2017-09-02,0.0,82.03999999999999,53.9
2017-09-03,0.0,84.92,52.5
2017-09-04,0.07086614173228346,75.92,51.9
2017-09-05,0.0,64.94,52.6
2017-09-06,0.0,68.0,52.0
2017-09-07,0.0,75.92,50.1
2017-09-08,0.0,68.0,49.2
2017-09-09,0.0,75.92,46.6
2017-09-10,0.0,80.96000000000001,44.0
2017-09-11,0.0,82.03999999999999,41.6
2017-09-12,0.0,84.92,40.4
2017-09-13,0.0,87.08000000000001,37.8
2017-09-14,0.0,91.03999999999999,35.7
2017-09-15,0.0,84.02,33.5
2017-09-16,0.03937007874015748,80.06,31.4
2017-09-17,0.0,66.92,29.8
2017-09-18,0.37007874015748027,59.0,31.6
2017-09-19,0.0,80.06,31.9
2017-09-20,0.03937007874015748,75.02,35.5
2017-09-21,0.0,84.02,35.8
2017-09-22,0.0,93.92,37.5
2017-09-23,0.0,89.96000000000001,37.9
2017-09-24,0.0,89.96000000000001,40.6
2017-09-25,0.4094488188976378,71.06,45.9
2017-09-26,0.11023622047244096,64.94,49.1
2017-09-27,0.0,66.02,47.3
2017-09-28,0.0,75.02,45.8
2017-09-29,0.0,66.02,45.4
2017-09-30,0.0,69.08000000000001,44.0
2017-10-01,0.29133858267716534,62.96,45.0
2017-10-02,2.1811023622047245,71.06,66.4
2017-10-03,0.11811023622047244,71.96000000000001,146.0
2017-10-04,0.0,60.08,107.0
2017-10-05,0.0,64.94,95.8
2017-10-06,0.44094488188976383,60.08,97.1
2017-10-07,0.16929133858267717,66.92,103.0
2017-10-08,0.0,71.96000000000001,102.0
2017-10-09,0.0,57.019999999999996,101.0
2017-10-10,0.0,51.980000000000004,101.0
2017-10-11,0.0,55.94,102.0
2017-10-12,0.0,64.03999999999999,101.0
2017-10-13,0.0,60.980000000000004,101.0
2017-10-14,0.531496062992126,59.0,105.0
2017-10-15,0.031496062992125984,53.06,113.0
2017-10-16,0.0,66.02,108.0
2017-10-17,0.0,73.03999999999999,106.0
2017-10-18,0.0,73.03999999999999,104.0
2017-10-19,0.0,73.94,102.0
2017-10-20,0.0,78.08000000000001,100.0
2017-10-21,0.44881889763779526,69.08000000000001,101.0
2017-10-22,0.0,64.03999999999999,100.0
2017-10-23,0.0,60.980000000000004,98.1
2017-10-24,0.0,51.08,97.0
2017-10-25,0.0,57.92,94.9
2017-10-26,0.0,57.92,91.6
2017-10-27,0.25196850393700787,35.96,92.3
2017-10-28,0.0,33.98,94.1
2017-10-29,0.031496062992125984,44.06,90.3
2017-10-30,0.0,39.92,88.3
2017-10-31,0.0,35.06,86.0
2018-06-15,0.0,95.0,70.0
2018-06-16,0.7598425196850394,87.98,78.5
2018-06-17,0.18110236220472442,91.03999999999999,76.1
2018-06-18,0.4015748031496063,78.08000000000001,89.7
2018-06-19,0.5905511811023622,69.98,91.3
2018-06-20,0.0,80.06,91.5
2018-06-21,0.0,78.08000000000001,90.9
2018-06-22,0.0,82.03999999999999,91.9
2018-06-23,0.0,82.03999999999999,91.5
2018-06-24,0.09055118110236221,80.96000000000001,90.1
2018-06-25,0.0,82.94,87.5
2018-06-26,1.0984251968503937,73.03999999999999,111.0
2018-06-27,0.0,82.03999999999999,99.8
2018-06-28,0.0,86.0,92.9
2018-06-29,0.0,98.96000000000001,88.6
2018-06-30,0.0,89.06,85.4
2018-07-01,1.1614173228346458,75.02,112.0
2018-07-02,0.0,87.98,110.0
2018-07-03,0.01968503937007874,87.08000000000001,100.0
2018-07-04,0.6692913385826771,82.94,104.0
2018-07-05,0.0,82.94,103.0
2018-07-06,0.0,82.03999999999999,100.0
2018-07-07,0.0,84.92,98.0
2018-07-08,0.0,89.96000000000001,94.8
2018-07-09,0.0,89.96000000000001,93.3
2018-07-10,0.0,84.92,92.2
2018-07-11,0.0,91.94,89.1
2018-07-12,2.12992125984252,95.0,98.1
2018-07-13,0.07874015748031496,82.94,111.0
2018-07-14,0.0,87.08000000000001,103.0
2018-07-15,0.0,89.06,102.0
2018-07-16,0.0,86.0,102.0
2018-07-17,0.0,80.96000000000001,104.0
2018-07-18,0.0,82.03999999999999,104.0
2018-07-19,0.07874015748031496,73.03999999999999,103.0
2018-07-20,0.09055118110236221,82.03999999999999,108.0
2018-07-21,0.0,84.02,107.0
2018-07-22,0.0,82.94,103.0
2018-07-23,0.0,84.92,101.0
2018-07-24,0.0,84.92,98.9
2018-07-25,0.0,82.94,97.2
2018-07-26,0.07874015748031496,73.03999999999999,94.8
2018-07-27,0.0,80.06,91.8
2018-07-28,0.12992125984251968,82.03999999999999,88.4
2018-07-29,0.0,82.03999999999999,85.1
2018-07-30,0.0,87.08000000000001,82.1
2018-07-31,0.0,87.08000000000001,78.7
2018-08-01,0.22834645669291337,80.06,76.0
2018-08-02,0.0,71.96000000000001,74.7
2018-08-03,1.0196850393700787,84.92,78.2
2018-08-04,0.03937007874015748,78.08000000000001,102.0
2018-08-05,0.0,84.92,89.3
2018-08-06,0.0,84.02,86.1
2018-08-07,0.0,80.06,83.4
2018-08-08,0.0,89.96000000000001,80.1
2018-08-09,0.0,89.96000000000001,77.4
2018-08-10,0.0,89.96000000000001,74.9
2018-08-11,0.0,87.98,72.1
2018-08-12,0.0,89.06,68.5
2018-08-13,0.0,91.94,64.5
2018-08-14,0.0,91.03999999999999,61.1
2018-08-15,0.0,89.06,59.3
2018-08-16,0.0,89.06,56.6
2018-08-17,0.0,86.0,53.9
2018-08-18,0.0,86.0,51.5
2018-08-19,0.0,86.0,48.4
2018-08-20,0.09055118110236221,78.98,49.1
2018-08-21,0.0,77.0,48.1
2018-08-22,0.0,84.02,43.5
2018-08-23,0.0,80.96000000000001,39.4
2018-08-24,1.0511811023622046,71.96000000000001,58.2
2018-08-25,0.0,78.08000000000001,54.9
2018-08-26,0.0,84.92,49.4
2018-08-27,0.14960629921259844,84.02,46.7
2018-08-28,0.18110236220472442,66.02,50.4
2018-08-29,0.0,71.96000000000001,48.2
2018-08-30,0.0,77.0,45.2
2018-08-31,0.07086614173228346,84.92,42.4
2018-09-01,0.0,87.98,41.3
2018-09-02,0.25196850393700787,82.03999999999999,41.2
2018-09-03,0.01968503937007874,75.92,41.1
2018-09-04,1.1811023622047243,75.92,47.0
2018-09-05,0.01968503937007874,73.03999999999999,53.0
2018-09-06,0.0,73.94,47.6
2018-09-07,0.0,77.0,45.2
2018-09-08,0.0,73.94,44.0
2018-09-09,0.0,73.03999999999999,42.1
2018-09-10,0.0,78.98,40.0
2018-09-11,0.0,82.94,37.3
2018-09-12,0.0,84.02,34.0
2018-09-13,0.0,84.92,32.7
2018-09-14,0.0,87.98,31.3
2018-09-15,0.0,91.94,30.5
2018-09-16,0.0,89.96000000000001,27.7
2018-09-17,0.9015748031496063,80.96000000000001,28.0
2018-09-18,0.6614173228346456,66.02,30.8
2018-09-19,0.18110236220472442,64.03999999999999,29.4
2018-09-20,3.279527559055118,68.0,84.1
2018-09-21,0.011811023622047244,64.03999999999999,154.0
2018-09-22,0.0,66.92,106.0
2018-09-23,0.0,75.92,104.0
2018-09-24,0.2716535433070866,75.92,112.0
2018-09-25,0.09842519685039369,59.0,127.0
2018-09-26,0.0,62.06,133.0
2018-09-27,0.0,62.06,137.0
2018-09-28,0.0,55.94,140.0
2018-09-29,0.0,48.92,140.0
2018-09-30,0.0,55.040000000000006,141.0
2018-10-01,0.33858267716535434,50.0,141.0
2018-10-02,0.0,53.96,139.0
2018-10-03,0.610236220472441,78.98,140.0
2018-10-04,0.22047244094488191,48.92,141.0
2018-10-05,0.11023622047244096,51.08,140.0
2018-10-06,0.0,48.92,137.0
2018-10-07,0.051181102362204724,51.980000000000004,134.0
2018-10-08,0.33858267716535434,53.96,135.0
2018-10-09,1.0393700787401574,50.0,151.0
2018-10-10,0.14173228346456693,51.08,195.0
2018-10-11,0.011811023622047244,39.019999999999996,177.0
2018-10-12,0.0,46.04,176.0
2018-10-13,0.0,53.96,181.0
2018-10-14,0.09055118110236221,42.08,188.0
2018-10-15,0.0,44.96,193.0
2018-10-16,0.0,55.94,196.0
2018-10-17,0.0,50.0,201.0
2018-10-18,0.0,71.96000000000001,197.0
2018-10-19,0.01968503937007874,64.94,194.0
2018-10-20,0.0,48.92,192.0
2018-10-21,0.0,59.0,188.0
2018-10-22,0.0,60.980000000000004,184.0
2018-10-23,0.0,48.92,181.0
2018-10-24,0.0,53.96,176.0
2018-10-25,0.0,55.040000000000006,171.0
2018-10-26,0.29133858267716534,50.0,166.0
2018-10-27,0.12992125984251968,53.06,165.0
2018-10-28,0.0,57.019999999999996,165.0
2018-10-29,0.011811023622047244,48.92,160.0
2018-10-30,0.0,53.96,158.0
2018-10-31,0.0,53.96,153.0
2019-06-15,0.051181102362204724,75.92,196.0
2019-06-16,0.0,73.94,187.0
2019-06-17,0.0,75.02,178.0
2019-06-18,0.0,75.02,170.0
2019-06-19,0.0,78.98,165.0
2019-06-20,0.29133858267716534,78.08000000000001,163.0
2019-06-21,0.0,77.0,150.0
2019-06-22,0.0,78.98,149.0
2019-06-23,0.3582677165354331,75.92,145.0
2019-06-24,0.2795275590551181,73.03999999999999,141.0
2019-06-25,0.0,82.03999999999999,130.0
2019-06-26,0.0,86.0,129.0
2019-06-27,0.22047244094488191,78.08000000000001,130.0
2019-06-28,0.0,86.0,130.0
2019-06-29,0.0,89.06,122.0
2019-06-30,1.031496062992126,80.96000000000001,122.0
2019-07-01,2.0196850393700787,78.08000000000001,128.0
2019-07-02,0.07874015748031496,87.08000000000001,138.0
2019-07-03,0.25196850393700787,87.08000000000001,120.0
2019-07-04,0.14960629921259844,84.92,118.0
2019-07-05,0.031496062992125984,82.94,117.0
2019-07-06,0.0,82.94,112.0
2019-07-07,0.0,84.92,110.0
2019-07-08,0.0,84.92,106.0
2019-07-09,0.46850393700787396,80.06,104.0
2019-07-10,0.22047244094488191,78.98,103.0
2019-07-11,0.0,82.94,100.0
2019-07-12,0.0,86.0,95.6
2019-07-13,0.0,87.08000000000001,90.5
2019-07-14,0.011811023622047244,91.94,88.9
2019-07-15,1.7519685039370079,91.94,96.5
2019-07-16,0.011811023622047244,84.92,107.0
2019-07-17,0.0,86.0,92.5
2019-07-18,0.0,89.06,86.0
2019-07-19,0.0,95.0,78.7
2019-07-20,1.0118110236220472,75.92,83.6
2019-07-21,0.0,82.03999999999999,79.1
2019-07-22,0.0,78.98,75.8
2019-07-23,0.0,82.94,71.9
2019-07-24,0.0,84.02,68.6
2019-07-25,0.0,82.03999999999999,65.8
2019-07-26,0.11811023622047244,86.0,61.8
2019-07-27,0.0,86.0,72.6
2019-07-28,0.3582677165354331,77.0,78.5
2019-07-29,0.0,78.08000000000001,80.5
2019-07-30,0.0,77.0,72.3
2019-07-31,0.0,80.06,69.2
2019-08-01,0.0,84.92,63.0
2019-08-02,0.0,84.92,62.9
2019-08-03,0.24015748031496062,87.08000000000001,62.0
2019-08-04,0.0,87.98,57.7
2019-08-05,0.20078740157480315,86.0,63.3
2019-08-06,0.0,86.0,66.6
2019-08-07,0.0,87.98,63.7
2019-08-08,0.0,78.98,61.3
2019-08-09,0.0,80.96000000000001,59.6
2019-08-10,0.44094488188976383,73.03999999999999,58.1
2019-08-11,0.0,80.96000000000001,57.0
2019-08-12,0.24015748031496062,80.06,57.6
2019-08-13,0.7519685039370079,82.03999999999999,62.3
2019-08-14,0.0,78.08000000000001,59.3
2019-08-15,0.38976377952755903,80.06,54.4
2019-08-16,0.8307086614173228,80.06,50.6
2019-08-17,0.0,82.94,51.7
2019-08-18,1.7401574803149606,75.02,94.6
2019-08-19,0.0,80.96000000000001,77.3
2019-08-20,0.6299212598425197,82.94,73.6
2019-08-21,0.0,77.0,68.2
2019-08-22,0.0,75.02,70.9
2019-08-23,0.0,77.0,69.8
2019-08-24,0.0,75.92,67.8
2019-08-25,0.011811023622047244,75.02,68.1
2019-08-26,0.7992125984251968,71.06,77.9
2019-08-27,0.0,73.03999999999999,88.9
2019-08-28,0.0,73.94,77.1
2019-08-29,0.011811023622047244,75.92,74.2
2019-08-30,0.0,75.02,73.8
2019-08-31,0.0,71.96000000000001,72.9
2019-09-01,0.09055118110236221,75.02,71.5
2019-09-02,0.2992125984251969,75.92,73.0
2019-09-03,0.0,77.0,97.5
2019-09-04,0.0,73.03999999999999,84.2
2019-09-05,0.0,78.98,78.4
2019-09-06,0.0,78.08000000000001,74.7
2019-09-07,0.01968503937007874,66.92,75.2
2019-09-08,0.11811023622047244,62.06,78.4
2019-09-09,0.1889763779527559,69.98,78.2
2019-09-10,0.0,78.98,81.3
2019-09-11,1.2401574803149606,66.92,95.3
2019-09-12,1.1692913385826773,66.92,122.0
2019-09-13,0.0,64.03999999999999,118.0
2019-09-14,0.0,75.02,109.0
2019-09-15,0.0,82.03999999999999,108.0
2019-09-16,0.0,87.08000000000001,108.0
2019-09-17,0.0,87.98,107.0
2019-09-18,0.14173228346456693,82.03999999999999,113.0
2019-09-19,0.0,84.02,117.0
2019-09-20,0.0,86.0,116.0
2019-09-21,0.09842519685039369,80.96000000000001,116.0
2019-09-22,0.011811023622047244,69.08000000000001,115.0
2019-09-23,0.0,75.92,115.0
2019-09-24,0.0,80.96000000000001,111.0
2019-09-25,0.0,71.06,106.0
2019-09-26,0.0,69.08000000000001,106.0
2019-09-27,0.0,66.92,98.5
2019-09-28,0.0,64.03999999999999,98.3
2019-09-29,0.2992125984251969,60.08,103.0
2019-09-30,0.24015748031496062,86.0,118.0
2019-10-01,0.5905511811023622,64.94,124.0
2019-10-02,0.42125984251968507,53.96,142.0
2019-10-03,0.051181102362204724,50.0,148.0
2019-10-04,0.0,50.0,143.0
2019-10-05,1.0511811023622046,57.92,177.0
2019-10-06,0.0,64.94,178.0
2019-10-07,0.0,66.92,171.0
2019-10-08,0.0,71.96000000000001,170.0
2019-10-09,0.011811023622047244,73.03999999999999,170.0
2019-10-10,0.4094488188976378,60.08,177.0
2019-10-11,0.051181102362204724,41.0,183.0
2019-10-12,0.07086614173228346,39.019999999999996,178.0
2019-10-13,0.031496062992125984,44.96,180.0
2019-10-14,0.0,50.0,181.0
2019-10-15,0.07874015748031496,51.980000000000004,183.0
2019-10-16,0.011811023622047244,48.019999999999996,181.0
2019-10-17,0.0,57.019999999999996,177.0
2019-10-18,0.0,69.08000000000001,175.0
2019-10-19,0.031496062992125984,66.92,172.0
2019-10-20,0.0,66.92,169.0
2019-10-21,1.0590551181102361,55.94,201.0
2019-10-22,0.1889763779527559,46.04,218.0
2019-10-23,0.0,46.04,207.0
2019-10-24,0.0,44.06,209.0
2019-10-25,0.0,55.94,213.0
2019-10-26,0.0,55.94,216.0
2019-10-27,0.0,44.96,222.0
2019-10-28,0.0,37.94,223.0
2019-10-29,0.0,39.92,223.0
2019-10-30,0.0,35.96,220.0
2019-10-31,0.0,35.96,217.0
2020-06-15,0.0,87.98,87.1
2020-06-16,0.0,91.03999999999999,83.6
2020-06-17,0.0,89.96000000000001,80.9
2020-06-18,1.3700787401574803,86.0,80.9
2020-06-19,0.03937007874015748,77.0,83.6
2020-06-20,0.011811023622047244,75.02,77.3
2020-06-21,0.3307086614173228,84.02,73.1
2020-06-22,0.0,75.92,71.3
2020-06-23,0.0,77.0,70.2
2020-06-24,0.031496062992125984,80.06,68.3
2020-06-25,0.0,84.92,64.7
2020-06-26,0.0,87.08000000000001,61.8
2020-06-27,0.0,86.0,55.2
2020-06-28,0.8897637795275589,86.0,54.1
2020-06-29,2.37007874015748,82.03999999999999,70.3
2020-06-30,0.01968503937007874,87.98,73.5
2020-07-01,0.0,87.98,64.8
2020-07-02,0.0,89.06,63.7
2020-07-03,0.0,89.96000000000001,63.6
2020-07-04,0.0,89.96000000000001,63.2
2020-07-05,0.0,91.94,60.7
2020-07-06,0.35039370078740156,86.0,62.5
2020-07-07,0.07874015748031496,87.98,64.8
2020-07-08,0.0,93.02,63.1
2020-07-09,0.3307086614173228,82.03999999999999,62.6
2020-07-10,0.0,84.92,62.9
2020-07-11,0.4606299212598425,84.02,62.0
2020-07-12,0.0,84.92,61.1
2020-07-13,0.0,84.92,58.5
2020-07-14,0.24015748031496062,78.98,55.7
2020-07-15,0.0,80.06,53.9
2020-07-16,0.0,84.02,52.6
2020-07-17,0.0,89.96000000000001,50.6
2020-07-18,0.5118110236220472,91.03999999999999,55.2
2020-07-19,0.0,82.94,52.4
2020-07-20,0.0,82.94,51.7
2020-07-21,0.3582677165354331,82.03999999999999,60.4
2020-07-22,0.0,69.08000000000001,59.5
2020-07-23,0.0,80.06,60.1
2020-07-24,0.0,91.94,58.8
2020-07-25,0.24015748031496062,87.98,57.8
2020-07-26,0.44881889763779526,86.0,71.9
2020-07-27,0.0,84.02,69.4
2020-07-28,0.16929133858267717,84.92,65.7
2020-07-29,0.0,84.02,64.8
2020-07-30,0.0,82.03999999999999,64.6
2020-07-31,0.0,84.02,64.6
2020-08-01,0.14960629921259844,82.03999999999999,59.3
2020-08-02,0.0,73.03999999999999,59.7
2020-08-03,0.0,73.94,58.4
2020-08-04,0.0,78.98,54.2
2020-08-05,0.0,78.08000000000001,51.3
2020-08-06,0.0,78.98,47.5
2020-08-07,0.0,82.94,45.5
2020-08-08,0.011811023622047244,82.94,44.5
2020-08-09,0.5393700787401575,87.08000000000001,48.0
2020-08-10,1.2716535433070866,78.98,49.0
2020-08-11,0.0,84.02,43.7
2020-08-12,0.44881889763779526,73.94,45.5
2020-08-13,0.0,87.98,49.0
2020-08-14,0.4881889763779527,84.92,48.7
2020-08-15,0.0,78.08000000000001,52.2
2020-08-16,0.031496062992125984,84.02,47.6
2020-08-17,0.0,78.08000000000001,48.8
2020-08-18,0.0,80.96000000000001,49.0
2020-08-19,0.0,82.94,39.4
2020-08-20,0.0,82.94,42.8
2020-08-21,0.07874015748031496,87.08000000000001,37.6
2020-08-22,0.09842519685039369,84.02,44.6
2020-08-23,0.0,91.03999999999999,38.9
2020-08-24,0.031496062992125984,89.06,38.7
2020-08-25,0.0,89.96000000000001,38.3
2020-08-26,0.011811023622047244,91.94,35.2
2020-08-27,0.0,87.98,35.1
2020-08-28,0.38976377952755903,82.03999999999999,40.2
2020-08-29,0.0,77.0,35.1
2020-08-30,0.0,78.08000000000001,32.3
2020-08-31,0.42913385826771655,73.94,36.1
2020-09-01,0.0,71.06,32.4
2020-09-02,0.0,82.03999999999999,29.4
2020-09-03,0.0,75.92,24.9
2020-09-04,0.0,73.94,24.3
2020-09-05,0.0,78.08000000000001,23.6
2020-09-06,0.18110236220472442,82.94,21.4
2020-09-07,0.25196850393700787,64.03999999999999,20.0
2020-09-08,0.0,51.980000000000004,21.3
2020-09-09,0.14173228346456693,50.0,21.4
2020-09-10,0.0,60.08,21.9
2020-09-11,0.07086614173228346,59.0,21.1
2020-09-12,0.031496062992125984,64.03999999999999,23.2
2020-09-13,0.0,73.03999999999999,20.7
2020-09-14,0.0,78.98,20.9
2020-09-15,0.0,80.96000000000001,16.5
2020-09-16,0.0,71.06,16.7
2020-09-17,0.0,57.92,17.2
2020-09-18,0.0,62.06,16.3
2020-09-19,0.0,71.06,15.0
2020-09-20,0.0,73.94,12.6
2020-09-21,0.051181102362204724,77.0,9.89
2020-09-22,0.0,82.94,10.6
2020-09-23,0.0,84.02,11.2
2020-09-24,0.051181102362204724,75.92,14.0
2020-09-25,0.0,84.92,14.1
2020-09-26,0.011811023622047244,69.98,13.2
2020-09-27,0.031496062992125984,66.92,13.9
2020-09-28,0.01968503937007874,57.92,13.0
2020-09-29,0.0,64.03999999999999,14.0
2020-09-30,0.051181102362204724,64.03999999999999,13.9
2020-10-01,0.01968503937007874,55.94,15.1
2020-10-02,0.0,51.08,14.5
2020-10-03,0.0,51.980000000000004,13.5
2020-10-04,0.0,55.94,13.4
2020-10-05,0.0,69.98,12.7
2020-10-06,0.0,80.06,11.1
2020-10-07,0.0,71.06,11.7
2020-10-08,0.0,68.0,12.6
2020-10-09,0.0,80.06,12.0
2020-10-10,0.0,66.02,10.9
2020-10-12,0.7204724409448819,64.03999999999999,35.0
2020-10-14,0.031496062992125984,62.06,20.7
2020-10-15,0.0,50.0,18.1
2020-10-16,0.031496062992125984,44.96,18.7
2020-10-17,0.03937007874015748,53.06,21.9
2020-10-20,0.7913385826771653,33.08,26.4
2020-10-21,0.0,35.96,30.9
2020-10-22,0.09055118110236221,35.06,33.1
2020-10-23,0.05905511811023622,35.96,38.8
2020-10-24,0.0,32.0,35.9
2020-10-25,0.051181102362204724,29.12,35.5
2020-10-26,0.0,32.0,35.3
2020-10-27,0.0,33.98,34.5
2020-10-28,0.0,50.0,34.6
2020-10-29,0.0,37.94,36.4
2020-10-30,0.0,44.96,35.1
2020-10-31,0.0,55.040000000000006,33.9
2021-06-17,0.0,89.06,9.76
2021-06-18,0.0,91.03999999999999,8.94
2021-06-19,0.0,80.96000000000001,8.01
2021-06-20,0.7007874015748031,73.94,8.31
2021-06-21,0.0,69.08000000000001,8.52
2021-06-22,0.0,75.92,8.0
2021-06-23,0.0,87.98,7.54
2021-06-24,0.0,89.96000000000001,6.96
2021-06-25,0.0,87.08000000000001,7.19
2021-06-26,0.14173228346456693,75.92,7.77
2021-06-27,0.7007874015748031,82.94,9.0
2021-06-28,0.11811023622047244,84.02,11.9
2021-06-29,0.0,84.02,12.2
2021-06-30,0.0,87.98,10.2
2021-07-01,0.0,89.06,8.32
2021-07-02,0.0,86.0,7.55
2021-07-03,0.0,87.08000000000001,6.18
2021-07-04,0.0,93.92,5.03
2021-07-05,0.0,96.08,4.29
2021-07-06,0.42913385826771655,82.03999999999999,5.5
2021-07-07,0.0,66.02,6.82
2021-07-08,0.0,73.03999999999999,5.95
2021-07-09,0.0,78.08000000000001,4.53
2021-07-10,0.0,80.96000000000001,3.76
2021-07-11,0.0,87.08000000000001,3.24
2021-07-12,0.0,82.94,2.96
2021-07-13,0.0,87.08000000000001,5.71
2021-07-14,0.22047244094488191,75.02,16.4
2021-07-15,0.0,84.02,8.98
2021-07-16,0.0,86.0,4.15
2021-07-17,0.0,87.08000000000001,3.38
2021-07-18,0.0,87.98,3.26
2021-07-19,0.0,89.96000000000001,3.27
2021-07-20,0.0,89.96000000000001,3.35
2021-07-21,0.0,84.92,3.64
2021-07-22,0.05905511811023622,84.92,2.63
2021-07-23,0.0,95.0,2.46
2021-07-24,0.01968503937007874,93.02,2.24
2021-07-25,0.0,91.94,2.06
2021-07-26,0.05905511811023622,89.96000000000001,1.92
2021-07-27,0.0,93.02,1.86
2021-07-28,0.07874015748031496,93.02,2.0
2021-07-29,0.0,84.92,1.54
2021-07-30,0.0,80.06,1.63
2021-07-31,0.0,87.98,1.55
2021-08-01,0.0,80.96000000000001,1.34
2021-08-02,0.0,82.03999999999999,1.63
2021-08-03,0.0,86.0,1.3
2021-08-04,0.0,84.92,1.0
2021-08-05,0.38976377952755903,82.94,0.86
2021-08-06,0.0,84.92,0.88
2021-08-07,0.8700787401574803,73.03999999999999,1.37
2021-08-08,1.220472440944882,78.98,1.52
2021-08-09,0.0,86.0,1.99
2021-08-10,0.0,87.98,1.45
2021-08-11,0.0,84.02,1.36
2021-08-12,0.011811023622047244,82.03999999999999,1.1
2021-08-13,0.0,80.06,1.08
2021-08-14,0.0,86.0,0.95
2021-08-15,0.0,84.92,0.9
2021-08-16,0.0,84.92,0.8
2021-08-17,0.0,87.98,0.73
2021-08-18,0.0,89.96000000000001,0.69
2021-08-19,0.0,89.96000000000001,0.72
2021-08-20,0.09842519685039369,89.96000000000001,0.64
2021-08-21,0.0,75.02,0.8
2021-08-22,0.03937007874015748,80.06,0.98
2021-08-23,0.0,91.03999999999999,0.84
2021-08-24,1.2716535433070866,82.03999999999999,8.37
2021-08-25,0.0,84.02,2.95
2021-08-26,1.5905511811023623,73.03999999999999,15.1
2021-08-27,0.5787401574803149,75.92,54.5
2021-08-28,0.6496062992125984,82.94,32.4
2021-08-29,0.16141732283464566,80.96000000000001,32.1
2021-08-30,0.0,82.94,13.5
2021-08-31,0.0,78.98,9.24
2021-09-01,0.0,78.08000000000001,5.23
2021-09-02,0.14173228346456693,69.08000000000001,3.95
2021-09-03,0.8188976377952756,64.03999999999999,6.11
2021-09-04,0.0,78.08000000000001,8.52
2021-09-05,0.0,78.08000000000001,5.51
2021-09-06,0.0,80.96000000000001,3.57
2021-09-07,0.0,78.98,3.45
2021-09-08,0.0,75.02,2.81
2021-09-09,0.0,75.02,2.9
2021-09-10,0.0,82.03999999999999,2.57
2021-09-11,0.0,78.98,2.57
2021-09-12,0.0,71.96000000000001,2.68
2021-09-13,0.14173228346456693,77.0,2.76
2021-09-14,0.0,71.96000000000001,3.72
2021-09-15,0.0,78.08000000000001,3.53
2021-09-16,0.0,87.98,3.55
2021-09-17,0.24015748031496062,78.08000000000001,4.54
2021-09-18,0.0,78.08000000000001,3.6
2021-09-19,0.0,89.96000000000001,3.25
2021-09-20,0.09842519685039369,75.92,3.93
